1905-0004,Central
1912-0010,Cebu
1931-0008,West Luzon
1932-0003,Sulu
1934-0010,Manila
1934-0010, Bulcan
1934-0011,Samar
1934-0011, Tayabas
1936-0008,Luzon
1937-0007,Leyte
1937-0007, Mindoro
1938-0006,Samar
1938-0006, South Luzon
1940-0013,Cantanduanes
1940-0013, Bondoc
1946-0024,
1949-0014,Cebu City
1949-0014, Negros
1949-0014, Panay
1951-0011,Samar
1951-0011, South Luzon
1951-0021,Visayas
1951-0021, Bicol
1951-0024,Central
1952-0003,Central
1952-0008,Central
1955-0034,
1955-0048,
1956-0036,
1956-0052,
1957-0032,
1959-0049,
1960-0012,South Wet of Manilla
1960-0019,Luzon
1960-0020,South Luzon
1960-0028,Central
1960-0028, South Luzon
1960-0029,Luzon
1960-0053,
1962-0029,
1962-0032,
1963-0017,North Luzon
1964-0037,South
1964-0037, Central Luzon
1964-0065,North Mindanao
1964-0065, South Luzon
1965-0042,Cotabato
1965-0042, Luzon
1966-0091,Visayas
1966-0091, South Luzon
1967-0071,Samar Island
1967-0071, Visayas
1967-0071, Bicol
1967-0071, Southern Tagalog
1967-0071, Central Luzon
1968-0065,Luzon
1968-0083,South Visayas
1968-0083, Samar
1968-0083, Luzon
1969-0080,North
1970-0043,(1) Bulacan
1970-0043, Pampg (Manila) - (2) Aurora (Quezon province)
1970-0056,(1) Bicol area
1970-0056, (2) Mindanao
1970-0064,Manila (Quezon province)
1970-0076,
1970-0077,
1970-0078,
1970-0079,
1970-0080,
1971-0026,Visayas
1971-0026, Palawan
1971-0036,Central
1971-0054,Central
1971-0055,North Luzon
1972-0015,Visayan Islands
1972-0040,South Luzon
1972-0064,South
1972-0064, Misamis province
1973-0042,Northern Luzon
1973-0044,Central Luzon
1973-0049,(1) Central
1973-0049, (2) Capiz province
1974-0029,Luzon
1974-0038,Luzon
1974-0051,North Luzon
1974-0052,Luzon
1974-0054,Luzon
1974-0056,North Luzon
1974-0058,South Luzon
1975-0077,Mindanao
1976-0038,Luzon
1976-0038, Manila
1976-0086,
1976-0089,
1977-0086,Central
1977-0086, North
1977-0119,Northern
1977-0134,North Luzon
1977-0155,
1977-0157,
1978-0058,Central
1978-0124,Manila
1978-0126,Central Luzon
1978-0126, Manilla
1978-0158,
1978-0159,Luzon (including Manila)
1978-0160,
1978-0161,
1978-0162,
1978-0165,
1979-0040,Leyte
1979-0077,Northern
1979-0133,
1979-0134,
1979-0137,
1980-0067,Northern
1980-0070,Cagayan Valley (Northwestern)
1980-0099,North and Central Luzon
1980-0132,
1980-0133,
1980-0136,
1981-0060,Albay province
1981-0062,Oriental Mindoro
1981-0083,Northern Luzon
1981-0101,
1981-0112,Samar
1981-0112, Mindoro
1981-0112, Luzon
1981-0134,
1981-0136,
1981-0138,
1982-0037,S.E./N. Mindanao
1982-0038,Central province
1982-0093,West
1982-0101,C./S. Luzon
1982-0111,North Luzon
1982-0173,
1982-0174,
1982-0175,
1982-0176,Visayan Sea region
1983-0096,Southeast Luzon
1983-0219,
1983-0220,
1983-0254,Bohol
1984-0073,Northern Luzon
1984-0073, Pangasinan province
1984-0105,Capiz
1984-0105, Ilailo
1984-0105, Aklau
1984-0105, Antique
1984-0105, Leyte
1984-0105, Eastern Samar
1984-0105, Roxas
1984-0105, Tacloban
1984-0185,Surigao del Norte
1984-0185, Bohol Isl
1984-0185, Mindanao
1984-0185, Negros Occidental
1984-0185, Cebu provinces
1984-0186,
1985-0124,Aurora
1985-0124, Nueva Ecija
1985-0124, Tarlac
1985-0124, Bur Lacan provinces (Central Luzon)
1985-0190,Luzon
1985-0190, Ilocos Sur
1985-0190, Ilocos Norte
1985-0190, Benguet
1985-0190, Nueva Ecija
1985-0190, Bataan
1985-0190, Zambales
1985-0190, Vigan
1985-0190, Bantay
1985-0190, San Esteban
1985-0190, Laoag
1985-0190, Bagio city
1985-0190, Pampanga
1985-0192,
1986-0080,Ilocos
1986-0080, centra Luzon
1986-0080, Southern Tagalos
1986-0080, Metro Manilla
1986-0104,Pangasinan
1986-0104, Bataan
1986-0104, Bulacan
1986-0104, Pampanga
1986-0104, Benguet
1986-0104, Abra
1986-0104, Zambales
1986-0104, Metro Manila
1986-0122,Muntinlupa
1986-0122, Metro Manila
1986-0122, Bulacan
1986-0151,
1986-0152,
1986-0153,
1987-0146,Batangas
1987-0146, Laguna
1987-0146, Bicol
1987-0146, Mindoro
1987-0146, Cavite
1987-0146, Luzon
1987-0197,Cagayan
1987-0197, Ilocos Norte
1987-0197, Kalin-Aapayo province
1987-0212,Region IV
1987-0212, Marinduque
1987-0212, Quezon
1987-0212, Laguna
1987-0212, Batangas
1987-0212, Region V
1987-0212,  Sorgoson
1987-0212, Albay
1987-0212, Battan
1987-0212, Cavite
1987-0212, Masbaten Camarines Sur
1987-0212, Leyte
1987-0212, Northern Samar
1987-0239,
1987-0240,
1988-0231,
1988-0312,Northern Luzon
1988-0477,Mindanao/Misamis Oriental
1988-0480,Tarlac
1988-0480, Southern Tagalog
1988-0480, Metro Manila
1988-0480, Albay
1988-0480, Cebu
1988-0480, Cagayan de Oro provinces
1988-0506,Manilla
1988-0506, Tagalog
1988-0506, Bicol
1988-0506, western Visayas
1988-0557,
1989-0120,Ilocos Sur
1989-0120, Ilocos Norte
1989-0120, Cagayan
1989-0120, Isabela
1989-0120, Nueva Vizcaya
1989-0120, La Union
1989-0125,Albay
1989-0125, Bataan
1989-0125, Batangas
1989-0125, Bulacan
1989-0125, Camarines norte
1989-0125, Camarnies Sur
1989-0125, Cavite
1989-0125, Esatern Samar
1989-0125, Laguna
1989-0125, Marinduque
1989-0125, Masbate
1989-0125, Northern Leyte
1989-0125, Northern Samar
1989-0125, Nueva Ecija
1989-0125, Pampanga
1989-0125, Quezon
1989-0125, Rizal
1989-0125, Samar
1989-0125, Sorgoson
1989-0125, southern Leyte
1989-0125, Zambales
1989-0125, national capital region
1989-0126,Bataan
1989-0126, Benguet
1989-0126, Ifugao
1989-0126, Isabela
1989-0126, Kalinga-Apayao
1989-0126, La Union
1989-0126, Nueva Vizcaya
1989-0126, Pangasinan
1989-0126, Cagayan
1989-0126, Ilocios Sur
1989-0126, Neava Ecija
1989-0126, Quirino provinces
1989-0126, National capital region
1989-0127,Cagayan
1989-0127, Ilocos Norte
1989-0127, Kalinga-Apayao
1989-0127, Nueva Viscayas provinces
1989-0129,Benguet
1989-0129, Ilocos Norte
1989-0129, Ilocos Sur
1989-0129, Kalinga Apayao
1989-0129, La Union
1989-0129, Zambales
1989-0132,Battan
1989-0132, Bulacan
1989-0132, Pampanga
1989-0132, North Metro Manila
1989-0132, Calauag Popillio Isl.
1989-0132, northern Samar
1989-0132, Neava Ecija
1989-0132, Quezon
1989-0132, Rizal
1989-0132, Tarlac provinces
1989-0187,
1990-0025,North and Eastern Luzon
1990-0122,Samar
1990-0122, Masbate provinces
1990-0122, Palwan
1990-0122, Iloilo
1990-0122, Negros occidental
1990-0122, Cebu
1990-0400,
1990-0401,North
1990-0687,
1991-0174,Near Tuguegaro (Pinatubo region)
1991-0382,Luzon Isl.
1991-0383,Bago
1991-0383, La Cariota
1991-0383, Bacalod (Negros) and  Leyte
1991-0517,Catanduanes
1991-0517, Albay
1991-0517, Quezon Provinces (Southern Luzon Isl.)
1991-0521,Pampanga
1991-0521, Tarlac provinces
1991-0525,Concepcion
1991-0525, Floridablanca
1991-0525, Manila
1992-0295,Aurora
1992-0295, Zambales
1992-0295, Nueva Ecija
1992-0295, Nueva Vizcaya
1992-0295, Pangasinan
1992-0295, La Union
1992-0295, Benguet
1992-0295, Ifugao
1992-0295, Isabela
1992-0295, Tarlac provinces
1992-0296,Regions III and NCR
1992-0491,Regions III
1992-0491, IV and NCR
1992-0492,Luzon Isl.
1993-0055,Cordillera autonomous region (including Bagio city)
1993-0055, Regions I-IV (including Metro Manilla)
1993-0077,Pampanga
1993-0077, Nueva Viscaya
1993-0077, Tarlac
1993-0077, Cagayan
1993-0077, Cavite
1993-0077, Bataan
1993-0077, Bulacan
1993-0077, Pangasinan
1993-0077, Nueva Ecija
1993-0077, Metro Manilla provinces
1993-0087,Catanduanes
1993-0087, Camarines Sur
1993-0087, Camarines Norte
1993-0087, Albay
1993-0087, Marinduque
1993-0087, Mindoro Oriental
1993-0087, Quezon
1993-0087, Laguna
1993-0087, Batangas
1993-0087, Rizal provinces (Bicol peninsula
1993-0087, Luzon)   Visayas
1993-0087, Masbate
1993-0087, Sorgoson
1993-0087, Occidental Mindoro
1993-0087, Romblon
1993-0088,
1993-0228,Capiz
1993-0228, iloilo
1993-0228, Negros Oriental
1993-0228, Bohol
1993-0228, Cebu
1993-0228, Agusan del Norte
1993-0228, Cagayan de Oro
1993-0228, Caniguin
1993-0228, Southern Leyte
1993-0228, Surigao del Norte
1993-0228, Davao del Norte
1993-0228, Misamis Oriental
1993-0298,Leyte
1994-0010,Albay
1994-0010, Sorsogon
1994-0010, Palawan
1994-0010, Marinduque Provinces
1994-0034,Negros Occidental
1994-0034, Cebu
1994-0034, Surigao del Sur
1994-0034, Palawan
1994-0034, Calaian
1994-0071,Pampanga
1994-0071, Bulacan
1994-0071, Bataan
1994-0071, Zambales
1994-0071, Tarlac
1994-0071, Ilocos Sur
1994-0071, Olongapo
1994-0071, Angeles
1994-0072,La Union
1994-0072, Pangasinan
1994-0072, Ilocos Sur
1994-0072, Ilocos Norte provinces
1994-0072, Laoag city (Luzon)
1994-0073,Metro Manila
1994-0073, Aurora
1994-0073, Nueva Ecija
1994-0073, Pampanga
1994-0073, Tarlac
1994-0073, Zambales provinces (Luzon)
1994-0074,Pampanga
1994-0074, Zambales
1994-0074, Metro Manila (Luzon)
1994-0215,Papoay
1994-0215, San Nicolas
1994-0215, Pasuquin municipalities (locos Norte province)
1994-0215, Cagayan province
1994-0313,Pinatubo
1994-0313, Luzon
1994-0519,Arora
1994-0519, Quezon
1994-0519, Laguna
1994-0519, Batangas
1994-0519, Rizal
1994-0519, Cavite
1994-0519, Bulacan
1994-0519, Bataan
1994-0519, Oriental Mindoro
1994-0519, Occidental Mindoro provinces (Luzon)
1994-0594,Leyte
1994-0594, Cebu Isl.
1994-0594, Surigao
1994-0594, Luzon
1994-0594, Iloilo
1994-0594, Bacolod
1994-0756,Kalinga-Apayao province
1995-0187,Regions I
1995-0187, II
1995-0187, III
1995-0187, IV
1995-0187, V
1995-0187, Metro Manilla
1995-0199,Pampanga
1995-0199, Sultan Kudarat provinces
1995-0247,Pampanga
1995-0247, Pangasinan
1995-0247, Bulacan
1995-0247, Laguna
1995-0247, Marinduque
1995-0247, Quezon
1995-0247, Barangas
1995-0247, Cavite
1995-0247, Albay
1995-0247, Antique
1995-0247, Cebu
1995-0247, Leyte
1995-0247, Siquijor
1995-0247, Bukidnon provinces and National Capital region
1995-0271,Luzon
1995-0271, Visayas
1995-0271, Calauag
1995-0272,Leyte
1995-0272, Samar
1995-0272, Central Visayas
1995-0272, Panays Islands
1995-0272, Palawan
1995-0306,Agusan
1995-0306, Surigao
1995-0306, Leyte
1995-0306, Samar
1995-0486,Pampanga
1995-0486, Zambales
1995-0486, Tarlac (Luzon province)
1996-0108,Quzeon
1996-0108, Aurora
1996-0108, Quirino
1996-0108, Nueva Vizcaya
1996-0108, Isabela
1996-0108, Cagayan
1996-0108, Batanes
1996-0108, La Union
1996-0108, Ilocos Norte
1996-0108, Ilocos Sur (Luzon Isl.)
1996-0257,Cebu
1996-0257, Bocolod
1997-0180,All country
1997-0203,Manilla
1997-0203, Luzon
1997-0252,Cagayan Prov.
1998-0296,North and Central Luzon Isl.
1998-0296, cordillera Autonomous Region
1998-0296, central Visayas Isl.
1998-0296, National Capital Region
1998-0309,Town Of Tabuk  Level 2 = Kalinga-Apayao (from GENAME)
1998-0314,Albay 
1998-0404,E  and W Samar
1998-0404, Cagayan
1998-0404, Pampanga
1998-0404, Bulacan
1998-0404, Isabela
1998-0404, Quenzon
1998-0404, W Mindoro
1998-0404, Palawan
1998-0404, Masbate
1998-0404, Albay
1998-0404, Sorsogon
1998-0404, Catanduanes
1998-0404, Aklan
1998-0404, Capiz
1998-0404, Antique
1998-0404, Iloilo
1998-0404, Leyte
1999-0390,Provinces Of Cagayan
1999-0390, Ilocos
1999-0390, Sur
1999-0390, Pangasinan
1999-0390, La Union
1999-0723,Regions II - Batanes
1999-0724,Region III - Zambales
1999-0725,Region III
1999-0726,Regions I
1999-0726, II
1999-0726, III and CAR
1999-0727,Region III
1999-0728,Regions V
1999-0728, VIII
1999-0729,Regions V
1999-0729, VI
1999-0729, VII
2000-0257,Metro Manila
2000-0257, Central Luzon
2000-0396,Manilla
2000-0397,La Union
2000-0397, Pangasinan
2000-0397, Ilocos Norte
2000-0397, Ilocos Sur
2000-0397, Baguio City (Reg. I)
2000-0397, Bataan
2000-0397, Bulacan
2000-0397, Pampanga
2000-0397, Olongapo City
2000-0397, Tarlac
2000-0397, Zambales (Reg. III)
2000-0397, Mindoro Oriental (Reg. IV)
2000-0397, Caloocan
2000-0397, Manioma
2000-0397, Quezon cities
2000-0397, Rizal (NCR)
2000-0397, Cavite (Reg. IV)
2000-0397, Iloilo
2000-0397, Negros Occidental (Reg.VI)
2000-0706,Cavite
2000-0706, Sorsogon
2000-0706, Catanduanes
2000-0706, Samar
2000-0706, Albay
2000-0706, Manilla (Southern Luzon)
2000-0715,Rizal
2000-0715, Laguna
2000-0715, Cagayan
2000-0715, Nueva Vizcaya provinces
2000-0715, Manilal area (Luzon Isl)
2000-0788,Mindanao Isl. and Central Philippines
2001-0054,Leyte Isl.
2001-0054, Visayas
2001-0054, Mindanao
2001-0319,Regions I
2001-0319, II
2001-0319, III
2001-0319, IV
2001-0319, VIII
2001-0319, Cordillera Autonomous Region (CAR)
2001-0319, National Capital Region
2001-0614,Camiguin Isl.
2001-0614, Cagayan de Oro (Mindanao Isl.)
2001-0758,Cebu
2001-0758, Leyte Isl.
2001-0792,Region III
2001-0793,Regions I
2001-0793, II and CAR
2002-0408,Manilla
2002-0423,
2002-0528,Manilla (Luzon Isl.)
2002-0875,Regions VI
2002-0875, VII
2002-0875, VIII and CARGA
2002-0877,Regions IV
2002-0877, VI
2002-0878,REgions III
2002-0878, IV
2002-0878, V
2002-0878, VI
2002-0878, VII
2002-0878, VIII
2002-0878, X
2002-0878, CARAGA
2003-0258,Pangasinan
2003-0258, La Union
2003-0258, Ilocos Norte
2003-0258, Ilocos Sur
2003-0258, Zambales
2003-0258, Battan
2003-0258, Cavite
2003-0258, Batangas
2003-0258, Rizal
2003-0258, Romblon
2003-0258, Occ. Mindoro
2003-0258, Iloilo
2003-0258, Bulacan Benguet provinces
2003-0258, Valenzuela city (Luzon Isl).  
2003-0290,Sorsogon
2003-0290, Albay
2003-0290, Catanduanes
2003-0290, Camarines Sur (Leyte)
2003-0290, Barangay Aslum
2003-0290, Naval
2003-0290, Biliran city (Catbalogan Biliran Island)
2003-0346,Maguindanao provinces (Autonomous Region of Muslim Mindanao)
2003-0346, North Cobato
2003-0346, Sultan Kudarat (Region XII)
2003-0346, Isabela (Region II)
2003-0346, Ilocos Norte (Region I)
2003-0346, Romblon (Region IV)
2003-0822,Regions IV 
2003-0822, VIII
2003-0823,Regions V
2003-0823, VIII
2003-0823, X
2003-0824,Region III
2003-0825,Region I
2003-0826,Regions III and NCR
2004-0218,Bicol region
2004-0267,Leyte Isl.
2004-0309,Cagayan
2004-0309, Laoag
2004-0309, La Union (North of Luzon Isl.)
2004-0309, Mindanao Isl.
2004-0435,Pampanga
2004-0435, Tarlac
2004-0435, Bataan
2004-0435, Bulacan
2004-0435, Pangasinan
2004-0435, Benguet
2004-0435, Rizal
2004-0435, La Union
2004-0435,  Nueva Vizcaya
2004-0435, Nueva Ecija
2004-0435, Ifugao provinces (Luzon Isl)
2004-0580,Catanduanes Isl.
2004-0580, Bicol peninsula
2004-0580, Mindoro Isl.
2004-0580, Camarines Sur
2004-0580, Sorsogon
2004-0602,Aurora province (Luzon Isl)
2004-0609,Isabela (Region II)
2004-0609, Bulacan
2004-0609, Nueva Ecija
2004-0609, Aurora (Region III)
2004-0609, Quezon
2004-0609, Rizal (Region IV)
2004-0609, Camarines Sur (Region V) - Real
2004-0609, Infanta
2004-0609, General Nakar (Quezon province
2004-0609, East coast Luzon Isl.)
2004-0618,Bicol
2005-0120,Leyste Isl.
2005-0540,Luzon
2005-0540, Muntinlupa
2005-0540, Pampanga
2005-0540, Gabaldon
2005-0540, Angono
2005-0540, Quezon
2005-0540, Aurora
2005-0540, Nueja Ecija
2005-0540, Rizal
2005-0540, Bicol
2005-0540, Ilpcos Norte 
2006-0251,Sogod
2006-0251, Macrohon (Leyte)
2006-0251, Albay province (Bicol region
2006-0251, Luzon)
2006-0251, Visayas
2006-0251, Tagalog
2006-0251, Bicol
2006-0362,Northern Luzon
2006-0388,Central Luzon provinces
2006-0410,Quirino region
2006-0410, Northern Luzon
2006-0415,Tarlac
2006-0415, Zambales
2006-0415, Nueva Ecija
2006-0517,Luzon
2006-0517, Manilla
2006-0517, Panay Isl.
2006-0600,Quirino
2006-0600, Isabela
2006-0600, Neuva Vizcaya
2006-0600, Benguet
2006-0600, Kalinga
2006-0600, Aurora
2006-0600, La Union
2006-0600, Cagayan (Luzon Isl.)
2006-0610,Isabela
2006-0610, Auroa
2006-0610, Nueva Ecija (Luzon Island)
2006-0648,Daraga town
2006-0648, Bicol region (Albay province)
2006-0648, Catanduanes
2006-0648, Camarines
2006-0648, Sorgoson
2006-0648, Mindoro
2006-0648, Marinduque
2006-0648, Batangas
2006-0648, Laguna
2006-0667,Regions IV-B
2006-0667, V
2006-0667, VI
2006-0667, VII
2006-0667, VIII
2007-0346,Metro Manilla
2007-0346, Luzon provinces
2007-0380,Central Luzon
2007-0380, Southern Luzon provinces
2007-0380, and the Bicol region
2007-0457,Negros Occidental 
2007-0463,Ifugao
2007-0463, Kalinga provinces
2007-0560,Isabela
2007-0560, Cagayan (Luzon)
2007-0576,Isabela (Luzon Isl.)
2007-0576, Camarines Sur
2007-0576, Camarines Norte provinces
2007-0578,Central Visayans and Northern Mindanao regions
2007-0667,Upper Pitawan
2007-0667, Hingyon
2007-0667, Ifugao
2007-0667, Bagong Silangan
2007-0667, Payatas
2007-0667, Quezon city
2007-0667, Lun Pididu
2007-0667, Malapatan
2007-0667, Sarangani
2007-0667, Hinigaran
2007-0667, Isabela
2007-0667, Ilog
2007-0667, Vallolodid
2007-0667, Pontevedra
2007-0667, NegrosOccidental (Regions V
2007-0667, X
2007-0667, XII
2007-0667, CAR
2007-0667, NCR)
2007-0668,Western section Luzon
2007-0668, Visayas
2007-0668, Mindanao regions
2008-0155,Mindanao Island
2008-0197,Botoloan
2008-0197, Pangasinan
2008-0197, Zambales and La Union provinces 
2008-0249,Aklan
2008-0249, Cebu
2008-0249, Cotabato
2008-0249, General Santos
2008-0249, Iloilo
2008-0249, Leyte
2008-0249, Marinduque
2008-0249, Masbate
2008-0249, Mindoro Oriental
2008-0249, Ormoc
2008-0249, Romblon
2008-0249, Eastern and Western Samar Island
2008-0249, Iloilo
2008-0249, Antique
2008-0249, Capiz
2008-0249, Negros Occidental 
2008-0292,Piddig
2008-0292, Pasuquin - Metro Manilla (Northern Luzon)
2008-0292, Ilocos Norte
2008-0292, Ilocos Sur
2008-0292, Abra
2008-0329,Quezon city (NCR)
2008-0329, CAR
2008-0329, Region I
2008-0329, Region III
2008-0369,Ilocos
2008-0369, Cagayan
2008-0369, Cordillera regions (La Union
2008-0369, Cagayan
2008-0369, Benguet provinces)
2008-0426,Itogon
2008-0426, Central region
2008-0540,Pro
2008-0540, Tudela
2008-0540, Pilar and San Francisco (Camotes Island)
2008-0540, Madridejos
2008-0540, Bantayan and Sta. Fe (Bantayan Island)
2008-0540, Catmon
2008-0540, Medellin
2008-0540, San Remegio
2008-0540, Tuburan
2008-0540, Carmen
2008-0540, Tabuelan
2008-0540, Tabogon
2008-0540, Borbon
2008-0540, Sogod (Cebu province)
2008-0540, Concepcion 
2008-0540, Iloilo
2008-0540, Surigao Norte
2008-0540, Pililia Rozal
2008-0540, Carles
2008-0540, Batad - Southern Tagalog (IV)
2008-0540, Bicol (V)
2008-0540, Western Visayas (VI)
2008-0540, Central Visayas (VII)
2008-0540, Eastern Visayas (VIII)
2008-0609,Lambayong
2008-0609, Esperanza (Sultan Kudarat)
2008-0621,Nueva Era
2008-0621, Paoay
2008-0621, San Nicolas
2008-0621, Bangui
2008-0621, Batac city
2008-0621, Dingras
2008-0621, Pasuquin
2008-0621, Marcos
2008-0621, Piddig
2008-0621, Laoag city
2008-0621, Bacarra
2008-0621, Sarrat
2008-0621, Currimao
2008-0621, Pagudpud (Ilicos Norte)
2008-0621, Luna (La Union)
2008-0621, Sta.Terisita (Cagayan)
2008-0623,Nueva Ecija
2008-0623, Pampanga
2008-0623, Candaba
2009-0165,Aringay
2009-0165, Agoo
2009-0165, Bacnotan
2009-0165, Bagulin
2009-0165, Bauang
2009-0165, Burgos
2009-0165, Caba
2009-0165, Naguillian Pugo
2009-0165, Rosario
2009-0165, San Gabriel
2009-0165, San Juan
2009-0165, Sto Thomas
2009-0165, Tubao
2009-0165, San Fernando city (La Union province); Anda
2009-0165, Agno
2009-0165, Bani
2009-0165, Bolinao
2009-0165, Dasol
2009-0165, Infanta
2009-0165, Lingayan
2009-0165, Mabini
2009-0165, Sta Barbara
2009-0165, Sual
2009-0165, Alaminos city
2009-0165, Dagupan city (Pangasinan province); Ambaguio
2009-0165, Bagabag
2009-0165, Bambang
2009-0165, Bayombong
2009-0165, Dupax del Sur
2009-0165, Solano
2009-0165, Sta Fe (Nueva Vizcaya province); Aurora
2009-0165, Cabaruan
2009-0165, Cordon
2009-0165, Delfin Albano
2009-0165, Ilagan
2009-0165, Luna
2009-0165, Quirino
2009-0165, Ramon
2009-0165, Reina Mercedes
2009-0165, Cauayan city
2009-0165, Santiago city (Isabela province); Cabarroguis
2009-0165, Saguiday (Quirino province)
2009-0165, Rizal (Cagayan province); Sta Cruz
2009-0165, Olongapo city (Zambales province); Guagua (Pampanga province); Kiangan
2009-0165, Asipulo
2009-0165, Lamut
2009-0165, Lagawe
2009-0165, Hingyon
2009-0165, Hungduan
2009-0165, Tinoc
2009-0165, Aguinaldo
2009-0165, Alfonso Lista (Ifugao province); Pinukpuk
2009-0165, Lubuagan (Kalinga province); Baguio city (Benguet province)
2009-0174,Albay
2009-0174, Camarines Norte
2009-0174, Camarines Sur
2009-0174, Catanduanes
2009-0174, Sorsogon
2009-0174, Masbate provinces
2009-0193,Brgy Damatog (North Kabuntalan
2009-0193, Maguindanao)
2009-0239,Metro Manila (NCR)
2009-0239, Pampanga (Region III)
2009-0239, Batangas
2009-0239, Cavite
2009-0239, Quezon (Region IV-A)
2009-0239, Romblon
2009-0239, Oriental Mindoro
2009-0239, Occidental Mindoro
2009-0239, Marinduque (Region IV-B)
2009-0239, Albay
2009-0239, Camarines Sur
2009-0239, Masbate (Region V)
2009-0239, Antique (Region VI)
2009-0239, Cebu (Region VII)
2009-0239, Leyte
2009-0239, Biliran
2009-0239, Western
2009-0239, Eastern and Northern Samar (Region VIII)
2009-0265,Dingras
2009-0265, Nueva Era
2009-0265, Paoay
2009-0265, Batac
2009-0265, Adams
2009-0265, Pinili
2009-0265, Piddig
2009-0265, San Nicolas
2009-0265, Banna
2009-0265, Marcos
2009-0265, Solsona
2009-0265, Sarrat
2009-0265, Pasuqion (Ilocos Norte municipality
2009-0265, Region I); Naic
2009-0265, Kawit
2009-0265, Noveleta
2009-0265, Bacoor
2009-0265, Cavite city (Cabite municipality)
2009-0265, San Mateo
2009-0265, Rodriguez (Rizal municipality) (Region IV-A); Passig
2009-0265, Las Pinas
2009-0265, Marikina
2009-0265, Quezon
2009-0265, Taguig cities (Metro Manila muncipality
2009-0265, NCR Region)
2009-0321,Bagio city
2009-0321, Benguet
2009-0321, Capas
2009-0321, Tarlac
2009-0321, Bautista
2009-0321, Pangasingan
2009-0321, Botolan
2009-0321, Zambales
2009-0321, Mandaluyong city (Central and Northern Luzon)
2009-0360,Botolan (Zamables); Pilar
2009-0360, Morong
2009-0360, Hermosa
2009-0360, Dinalupihan (Bataan) - Region III; Sibalom (Antique); San Erique
2009-0360, Pontevedra
2009-0360, La Carlota City
2009-0360, Valladolid
2009-0360, Hinigaran (Negros Occidental) - Region VI; Bayawan city (Negros Oriental) - Region VII
2009-0373,Botolan
2009-0373, Iba
2009-0373, San Antonio
2009-0373, San Felipe
2009-0373, San Marcelino (Zambales); Abucay
2009-0373, Bagac
2009-0373, Dinalupihan
2009-0373, Hermosa
2009-0373, Morong
2009-0373, Pilar
2009-0373, Samal (Battan); Apalit
2009-0373, Arayat
2009-0373, Bacolor
2009-0373, Floridabanca
2009-0373, Guagua
2009-0373, Lubao
2009-0373, Masantol
2009-0373, Mexico
2009-0373, Minalin
2009-0373, San Luis
2009-0373, Sasmuan
2009-0373, Stanta Ana
2009-0373, Santo Thomas (Pampanga); Balagtas
2009-0373, Calumpit
2009-0373, Guiguinto
2009-0373, Marilao
2009-0373, Meycauayan
2009-0373, San Miguel (Bulacan) - Region III; Calamba city (Calamba) - Region IV
2009-0374,Santa Teresita (Cagayan) - Region II; Silang (Cavite); Santa Cruz
2009-0374, Bay
2009-0374, Los Banos
2009-0374, Santa Rosa
2009-0374, Calamba
2009-0374, Banan
2009-0374, San Pedro (Laguna) - Region IV; Pasil (Kalinga) - CAR
2009-0414,Bolinao
2009-0414, Sual
2009-0414, Dagupan city (Pangasinan
2009-0414, Region I); Rizal
2009-0414, Cabarroguis (Quirino
2009-0414, Region II); Mandaluyong
2009-0414, Manila
2009-0414, Marikina
2009-0414, Muntinlupa
2009-0414, Navotas
2009-0414, Paranaque
2009-0414, Pasig
2009-0414, Las Pinas
2009-0414, Caloocan
2009-0414, Makati
2009-0414, Valenzuela
2009-0414, Malabon
2009-0414, Pateros
2009-0414, Quezon
2009-0414, Taguig
2009-0414, San Juan
2009-0414, Pasay cities (NCR
2009-0414, Region II); Balanga city
2009-0414, Orani
2009-0414, Mariveles
2009-0414, Hermosa (Bataan
2009-0414, Region III); Angat
2009-0414, Balagtas
2009-0414, Baliwag
2009-0414, Bocaue
2009-0414, Bulacan
2009-0414, Bustos
2009-0414, Calumpit
2009-0414, Guiguinto
2009-0414, Hagonoy
2009-0414, Malolos
2009-0414, Marilao
2009-0414, Meycauayan
2009-0414, Plaridel
2009-0414, San Miguel (Bulacan
2009-0414, Region III); Arayal
2009-0414, Bacolor
2009-0414, Lubao
2009-0414, Mabelacat
2009-0414, San Simon
2009-0414, San Luis
2009-0414, San Fernando city
2009-0414, Sto.Tomas
2009-0414, Floridablanca
2009-0414, Sta.Rita (Pampanga
2009-0414, Region III); Licab (Nueva Ecija
2009-0414, Region III); Calaca
2009-0414, Nasugbu
2009-0414, Lemery
2009-0414, Balayan
2009-0414, Bauan
2009-0414, Laurel
2009-0414, Tanauan city
2009-0414, Talisay (Batangas
2009-0414, Region IV-A); Pengil
2009-0414, Alaminos
2009-0414, Paete
2009-0414, Los Banos
2009-0414, Cabuyao
2009-0414, Bay
2009-0414, Lumban
2009-0414, Pila
2009-0414, Pakil
2009-0414, Victoria
2009-0414, Calamba city
2009-0414, Sta.Cruz (Laguna
2009-0414, Region IV-A); Tanay
2009-0414, Taytay
2009-0414, Angono
2009-0414, Morong
2009-0414, Rodriguez
2009-0414, San Mateo
2009-0414, Antipolo city
2009-0414, Teresa (Rizal
2009-0414, Region IV-A); GMA
2009-0414, Ge
2009-0414,.Trias
2009-0414, Carmona
2009-0414, Noveleta
2009-0414, Rosario
2009-0414, Tanza
2009-0414, Imus
2009-0414, Silang Bulihan
2009-0414, Maragondon
2009-0414, Ternate
2009-0414, Naic
2009-0414, Bacoor
2009-0414, Dasmarinas
2009-0414, Cavite city (Cavite
2009-0414, Region IV-A); Infanta (Quezon
2009-0414, Region IV-A); Magsaysay
2009-0414, San Jose (OCC Mindoro
2009-0414, Region IV-B); Naga city
2009-0414, Sangay
2009-0414, Pasacao (Camarines Sur
2009-0414, Region V); San Pascuan (Masbate
2009-0414, Region V)
2009-0414, Pioduran (Albay
2009-0414, Region V); Pilar (Sorgoson
2009-0414, Region V); Zamboanga city (Zamboanga Del Sur
2009-0414, Region IX); Kalamasig (Sultan Kudarat
2009-0414, Region XII); Kabugao (Apayo
2009-0414, CAR); Kabayan (Benguet
2009-0414, CAR)
2009-0422,NCR; La Union
2009-0422, Pangasinan
2009-0422, Ilocos Norte
2009-0422, Ilocos Sur
2009-0422, (Region I); Isabela
2009-0422, Nueva Vizcaya
2009-0422, Cayagan (Region II); Aurora
2009-0422, Bulacan
2009-0422, Pampanga
2009-0422, Zambales
2009-0422, Nueva Ecija
2009-0422, Tarlac (Region III); Quezon
2009-0422, (Region IV-A); Albay
2009-0422, Camarines Sur
2009-0422, Catanduanes
2009-0422, Sorsogon (Region V); Negros Occidental (Region VI); Apayao
2009-0422, Mt.Province
2009-0422, Kalinga
2009-0422, Benguet
2009-0422, Abra (CAR)
2009-0478,NCR; Aurora
2009-0478, Bataan
2009-0478, Bulacan (Region III); Batangas
2009-0478, Cavite
2009-0478, Laguna
2009-0478, Quezon
2009-0478, Rizal (Region IV-A); Occidental Mindoro
2009-0478, Oriental Mindoro (REgion IV-B); Albay
2009-0478, Camarines Norte
2009-0478, Damarines Sur (Region V)
2009-0521,Agusan del Norte province (Caraga); Region VII; Region X
2009-0606,Panay
2009-0606, Negros
2009-0606, Mindanao Islands
2010-0383,Sitio Sabitan
2010-0383, Santo Rosario
2010-0383, Malolos city
2010-0383, Bulacan (REgion III); Navostas West
2010-0383, Navotas city (NCR); REgion IV-B
2010-0543,Aringuay
2010-0543, Bangar (La Union
2010-0543, Ilocos region); Bolinao (Pangasinan); Aparri
2010-0543, Claveria
2010-0543, Gonzaga
2010-0543, Iguig
2010-0543, Lasam
2010-0543, Rizal
2010-0543, Santa Aba
2010-0543, Santa Praxedes
2010-0543, Santa Teresita
2010-0543, Santo NIno
2010-0543, Tiao (Cagayan
2010-0543, Cagayan Valley); Dinapigue
2010-0543, Divilacan
2010-0543, San Mariano
2010-0543, Santa Maria (Isabela); Casiguran
2010-0543, Dilasag
2010-0543, Dinalungan (Auroa
2010-0543, Central Luzon); Bagio city
2010-0543, Itogon
2010-0543, La Trinidad
2010-0543, Tublay (Benguet
2010-0543, CAR); Pinukbuk
2010-0543, Tabuk (Kalinga
2010-0543, CAR); Tadian (Mountain province
2010-0543, CAR)
2011-0157,NCR; Bulacan
2011-0157, Zambales (Region III); Albay
2011-0157, Camarines Norte
2011-0157, Camarines Sur
2011-0157, Masbate
2011-0157, Sorsogon (Region V);  Cebu (Region VII); Eastern Samar
2011-0157, Leyte
2011-0157, Northern Samar
2011-0157, Western Samar (Region VIII)
2011-0203,Region IV-A
2011-0203, IV-B
2011-0203, III
2011-0203, NCR
2011-0231,NCR; Pangasinan (REgion I - Ilocos Norte); Bataan
2011-0231, Bulacan
2011-0231, Nueva Ecija
2011-0231, Pampanga
2011-0231, Tarlac
2011-0231, Zambales (Region III - Central Luzon); Batangas
2011-0231, Cavite
2011-0231, Rizal (Region IV-A - Calabarzon); Albay
2011-0231, Camarines Sur (Region V - Bicol Region)
2011-0272,La Pinas (NCR); Nueva Ecija (Region III); Cavite
2011-0272, Quezon (Region IV-A); Marinduque (Region IV-B); Albay
2011-0272, Catanduanes
2011-0272, Camarines Sur
2011-0272, Camarinas Norte
2011-0272, Sorsogon
2011-0272, Masbate (Region V); Iloilo (Region IV); Siquijor (Region VII); Leyte (Region VIII); Ifugao (CAR)
2011-0279,Mandaluyong
2011-0279, Marikina
2011-0279, Quezon
2011-0279, San Juan cities (NCR); Japalit (Pampanga)
2011-0279, Paniqui (Tarlac) - Region III; Calatagan
2011-0279, Malvar (Batangas)
2011-0279, Antopolo city
2011-0279, Rodriguez
2011-0279, San Mateo (Rizal) - Region IV
2011-0341,Quezon city (NCR); Pangasinan
2011-0341, Ilocos Norte
2011-0341, Ilocos Sur (Region I); Zambales
2011-0341, Bulacan (Region III); Iloilo (Region IV); Benguet
2011-0341, Abra
2011-0341, Mt Province (CAR); Catanduanes (REhion IV); Zambagua del Sur (Rehion IX)
2011-0378,Ilocos Sur
2011-0378, La Union
2011-0378, Pangasinan (Region I - ILOCOS Region); Cagayan
2011-0378, Isabela
2011-0378, Nueva Vizcaya
2011-0378, Quirino (Region II - Cagayan Valley); Aurora
2011-0378, Bulacan
2011-0378, Nueva Ecija
2011-0378, Pampanga
2011-0378, Tarlac
2011-0378, Zambales (Region III - Central Luzon); Apayao
2011-0378, Benguet
2011-0378, Ifugao
2011-0378, Kalinga
2011-0378, Mountain Province (CAR Region);
2011-0379,NCR; Ilocos Norte
2011-0379, Ilocos Sur
2011-0379, Pangasinan (Region I - Ilocos region); Cagayan
2011-0379, Isabela
2011-0379, Nueva Vizcaya
2011-0379, Quirino (Region II - Cagayan Valley); Aurora
2011-0379, Bataan
2011-0379, Bulacan
2011-0379, Nueva Ecija
2011-0379, Pampanga
2011-0379, Tarlac
2011-0379, Zambales (Region III - Central Luzon); Batangas
2011-0379, Cavite
2011-0379, Laguna
2011-0379, Quezon
2011-0379, Rizal (Region IV-A - Calabarzon); Occidental Mindoro
2011-0379, Oriental Mindoro
2011-0379, Romblon (Region IV-B - Mimaropa); Albay
2011-0379, Camarines Norte
2011-0379, Camarines Sur
2011-0379, Catanduanes (Region V - Bicol); Antique
2011-0379, Iloilo (Region VI - Western Visayas); Abra
2011-0379, Apayao
2011-0379, Benguet
2011-0379, Ifugao
2011-0379, Kalinga
2011-0379, Mountain Province (Region IV) 
2011-0384,Oriental Mindoro
2011-0384, Romblon (Region IV-B - Mimaropa); Capiz
2011-0384, Iloilo
2011-0384, Negros Occidental (Region VI - Western Visayas); Cebu (Region VII - Central Visayas); Southern Leyte (Region VIII - Eastern Visayas); Misamis Oriental (Region X - Northern Mindanao); South Cotabato (Region XII - Soccskargen); Dinagat Isl. (Region XIII - Caraga)
2011-0519,Cagayan de Oro (Mindanao); Negros Oriental
2011-0519, Czbu (Region VII); Zamboanga del Norte (Region IX); Misamis Oriental
2011-0519, Lanao del Norte
2011-0519, Bukidnon (Region X); Compostela Valley (Region XI); Surigao del Sur (Caraga); Lanao del Sur (ARMM)
2011-0555,Taguig city (NCR); Isabela (Region II - Cagayan valley); Albay
2011-0555, Camarines Norte
2011-0555, Camarines Sur
2011-0555, Catanduanes
2011-0555, Sorsogon (Region V - Bicol region); Zamboanga del Sur (Region IX - Zamboanga Peninsula ); Bukidnon (Region X - Northern Mindanao); Compostela valley
2011-0555, Davao del Norte (Region XI - Davao region); Lanao del Sur
2011-0555, Maguindanao (ARMM)
2011-0576,
2012-0260,ICR; Locos Sur
2012-0260, Pangasinan (Region I - Ilocos region); Cagayan (REgion II - Cagayan Valley); Bataan
2012-0260, Bulacan
2012-0260, Nueva Ecija
2012-0260, Pampanga
2012-0260, Tarlac (Region III - Central Luzon; Batangas
2012-0260, Cavite
2012-0260, Laguna
2012-0260, Zal Region IV-A - Calabarzon); Occidental Mindoro (Region IV-B - Mimaropa); Klan
2012-0260, Antique
2012-0260, Loilo
2012-0260, Negros Occidental (Region VI - Western Visayas); Cebu (Region VII - Central Visayas); Lanao del Norte
2012-0260, Misamis Oriental (REion X - Northern Mindanao); Cotabato (Region XII - Soccsksargen); Benguet
2012-0260, Ifugao
2012-0260, Kalinga
2012-0260, Mountain province (CAR);
2012-0294,
2012-0296,La Union (Region I)
2012-0374,Muntinlupa city (BRC); Zamboanga del Norte
2012-0406,
2012-0434,NCR
2012-0434, Region III
2012-0463,Zambales (Region III)
2012-0463, Occidental Mindoro (Region IV-B)
2012-0500,Davao Oriental
2012-0500, Compostela Valley
2012-0540,Mimaropa (Region IV-B); Bicol (Region V); Western Visayas (Region VI); CEntral Visayas (REgion VII); Eastern Visayas (REgion VIII)
2013-0036,Palawan
2013-0036, Oriental Mindoro provinces (Region IV-B -Mimaropa); Zamboanga del Norte (Region IX - Zamboanga peninsula); Compostela Valley
2013-0036, Davao del Norte (Region XI - Dvao region)
2013-0258,Visayas
2013-0258, Luzon
2013-0272,Ilocos Region
2013-0272, Cagayan Valley; Central Luzon; Aurora  province
2013-0373,Baccara
2013-0373, Solsona
2013-0373, Pagydpud
2013-0373, Ilocos Norte
2013-0373, Dagupan city
2013-0373, Pangasinan (Region I); Tuba
2013-0373, Benguet (Region CAR; Paniqui
2013-0373, Tarlac
2013-0373, Dingalan
2013-0373, Aurora (Region III); Santa Cruz
2013-0373, Laguna
2013-0373, Talisay
2013-0373, Batangas
2013-0373, Isla Verde (Region IV-A); Lubang
2013-0373, Mansalay
2013-0373, Oriental Mindoro
2013-0373, Occidental Mindoro (Region IV-B); Caramoran
2013-0373, Catanduanes (Region V); Jordan
2013-0373, Guimaras
2013-0373, Bago city
2013-0373, Negros Occidental (Region VI)
2013-0378,Oriental Mindoro (Rehion IV-B); Region VII; Leyte (Region VII); Zamboanga del Norte (Region IX); Bukidnon
2013-0378, Lanao del Norte  (Region X); Compostela Valley
2013-0378, Davao del Norte
2013-0378, Davao del Sur
2013-0378, Davo Oriental (Region XI); Cotabato (Region XII); Agusan del Norte
2013-0378, ARMM
2013-0378, Maguindanao (Region XIII)
2013-0430,Aurora
2013-0430, Bulacan
2013-0430, Nueva Ecija
2013-0430, Nueva Vizcaya
2013-0430, Pampanga
2013-0430, Pangasinan
2013-0430, Tarlac
2013-0430, Zambales provinces (Central Luzon)
2013-0433,Samar
2013-0433, Leyte
2013-0433, Cebu
2013-0433, Iloilo
2013-0433, Capiz
2013-0433, Aklan and Palawan provinces
2013-0437,Ilocos Norte
2013-0437, Cagayan
2013-0437, Apayao (Luzon island)
2014-0020,Budidnon
2014-0020, Camiguin
2014-0020, Lanao del Norte
2014-0020, Misamis Oriental
2014-0020, Misamis Occidental (Region X
2014-0020, Northern Mindanao); Compostela Valley
2014-0020, Davao del Norte
2014-0020, Davao del Sur
2014-0020, Davao Oriental (Region XI
2014-0020, Davao Region);  Cotabato (Region XII
2014-0020, Soccsksargen); Agusan del Norte
2014-0020, Agusan del Sur
2014-0020, Dinagat Islands
2014-0020, Sutigao del Norte
2014-0020, Surigao del Sur
2014-0020, ARMM (Region XIII
2014-0020, Caraga)
2014-0055,Antiqu
2014-0055, Negros Occidental (Rrgion VI
2014-0055, Western VIsayas); Cebu (Region VII
2014-0055, Central Visayas); Biliran
2014-0055, Leyte
2014-0055, Southern Leyte (Region VIII
2014-0055, Eastern Visayas); Agusan del Norte
2014-0055, Dinagat Isl.
2014-0055, Surigao del Norte (Region XIII
2014-0055, Caraga)
2014-0227,Navotas city
2014-0227, Las pinas
2014-0227, Pasig
2014-0227, Pasay
2014-0227, Paranaque
2014-0227, Mandaluyong
2014-0227, Quezon city
2014-0227, Muntinlupa
2014-0227, Malabon
2014-0227, Marikina
2014-0227, Manila
2014-0227, Taguig
2014-0227, Caloolan city
2014-0227, Valenzuela (NCR); Regions III
2014-0227, IV-A
2014-0227, IV-B
2014-0227, V and VIII
2014-0227, Albay and Camarines Sur
2014-0227, Naga city.
2014-0240,Region II
2014-0240, Batanes province
2014-0240, Cagayan province
2014-0240, Region IV-A
2014-0240, Region IV-B
2014-0240, Rodriguez Rown
2014-0240, Rizal province.
2014-0330,Papamga
2014-0330, Dagupan city (Pangasinan)
2014-0330, Pangasinan 1-Lingayen
2014-0330, Manilla
2014-0390,NCR; Ilocos Norte
2014-0390, La Union
2014-0390, Pangasonan (Region I - Ilocos REgion); Cagayan
2014-0390, Isabela
2014-0390, Nueva Vizcaya (Region II - Cagayan valley); Aurora
2014-0390, Bataan
2014-0390, Bulacan
2014-0390, Nueva Ecija
2014-0390, Pampanga
2014-0390, Tarlac
2014-0390, Zambales (Region III - Central Luzon); Negros Occidental (Region VI - Western Visayas); Rizal (Region IV-A - Calabarzon); Apayao
2014-0390, Benguet
2014-0390, Kalinga
2014-0390, Mountain province (CAR)
2014-0474,Palawan (region IV-B
2014-0474, Mimaropa); Negros Occidental (Region VI
2014-0474, Western Visayas); Bohol
2014-0474, Cebu
2014-0474, Negros Oriental (Region VII
2014-0474, Central Visayas); Southern Leyte (Region VIII
2014-0474, Eastern Visayas); Misamis Occidental
2014-0474, Misamis Oriental (Region X
2014-0474, Nothern Mindanao); Davao del Sur (Region XI
2014-0474, Davao region); Dinagat Isl.
2014-0474, Surigao del Norte
2014-0474, Surigao del Sur (Region XIII
2014-0474, Caraga)
2014-0479,NCR; Battan (Region III (Central Luzon); Barangas
2014-0479, Cavite
2014-0479, Laguna
2014-0479, Quezon
2014-0479, Rizal (Region IV-A
2014-0479, Calabarzon); Marinduque
2014-0479, Occidental Mindoro
2014-0479, Oriental MIndoro
2014-0479, Palawan
2014-0479, Romblon (Region IV-B
2014-0479, Mimaropa); Albay
2014-0479, Camarines Norte
2014-0479, Camarines Sur
2014-0479, Catanduanes
2014-0479, Masbate
2014-0479, Sorsogon (Region V
2014-0479, Bicol region); Aklan
2014-0479, Antique
2014-0479, Capiz
2014-0479, Guimaras
2014-0479, Iloilo
2014-0479, Negros Occidental (Region VI
2014-0479, Wesern Visayas); Bohol
2014-0479, Cebu
2014-0479, Negros Oriental
2014-0479, Soquijor (Region VII
2014-0479, Central Visayas); Biliran
2014-0479, Eastern Samar
2014-0479, Leyte
2014-0479, Northern Samar
2014-0479, Western Samar
2014-0479, Southern Leyte (Region VIII
2014-0479, Eastern Visayas); Agusan del NOrte
2014-0479, Agusan del Sur
2014-0479, Surigao del Sur
2014-0479, Surigao del nOrte
2014-0479, Surigao del Sur (REgion XIII
2014-0479, CAraga)
2014-0497,Palawan (Region IV-Mimaropa); Antique
2014-0497, Capiz
2014-0497, Negros Occidental (Region IV-Western Visayas); Bohol
2014-0497, Cebu
2014-0497, Siquijor (Region VII - Central Visayas); Leyte
2014-0497, Western Samar
2014-0497, Southern Leyte (Region VIII - Eastern Visayas); Zamboanga del Sur (Region IX - Zamboanga Peninsula); Bukidnon
2014-0497, Camiguion
2014-0497, Lanao del Norte
2014-0497, Misamis Oriental (Region X - Northern Mindanao); Compostela Valley
2014-0497, Davao del Norte
2014-0497, Davao Oriental (Region - Davao Region); Agusan del NOrte
2014-0497, Agusan del Sur
2014-0497, Dinagat Islands
2014-0497, Surigao del Norte
2014-0497, Surigao del Sur (Region XIII - Caraga)
2015-0017,Albayn Camarines Norte
2015-0017, Catanduanes
2015-0017, Sorsogon (Region V - Bicol region); Cebu (Region VII - Central Visayas); Eastern Samar
2015-0017, Western Samar (Region VIII - Eastern Visayas)
2015-0105,Isabela (Region II
2015-0105, Cagayan Valley); Aurora (Region III
2015-0105, Central Luzon)
2015-0176,Benito Soliven
2015-0176, Dinapigue
2015-0176, Dilvilacan
2015-0176, Maconacon
2015-0176, Palanan (Isabela province); Aparri
2015-0176, Buguey
2015-0176, Calayan
2015-0176, Gonzaga
2015-0176, Santa Ana
2015-0176, Santa Teresita (Cagayan province)
2015-0244,
2015-0278,Ilocos Norte
2015-0278, Ilocos Sur
2015-0278, La Union (Region 1); Palawan (Region IV-B)
2015-0278, Benguet
2015-0278, Abra
2015-0278, Lainga (CAR)
